run_id,started_at,finished_at,pages_crawled,new,updated,unchanged,stale,errors,notes
1,2026-10-02T06:06:15+00:00,,0,0,0,0,0,0,
2,2026-10-02T07:28:15+00:00,2026-10-02T07:43:53+00:00,78,75,1,37,14,1,deferred=20 verified=2 transitions=0
3,2026-10-02T08:04:32+00:00,2026-10-02T08:57:02+00:00,110,60,3,108,28,2,deferred=0 verified=8 transitions=0
4,2026-10-02T14:21:41+00:00,2026-10-02T14:26:41+00:00,5,0,1,0,0,0,"archive baseline: {'pages': 5, 'changes': 1, 'no_archive': 7}"
5,2026-10-02T14:27:10+00:00,2026-10-02T14:33:09+00:00,6,0,0,0,0,0,"archive baseline: {'pages': 6, 'changes': 0, 'no_archive': 10}"
6,2026-10-02T14:33:49+00:00,2026-10-02T14:36:17+00:00,2,0,0,0,0,0,"archive baseline: {'pages': 2, 'changes': 0, 'no_archive': 8}"
7,2026-10-02T14:42:26+00:00,2026-10-02T15:11:18+00:00,0,0,0,0,0,0,interrupted: internet connection dropped during extraction (records saved up to that point)
8,2026-10-02T15:11:29+00:00,2026-10-02T15:26:07+00:00,0,0,0,0,0,0,stopped by user after re-check and partial discovery; records verified at stop
9,2026-10-02T15:28:26+00:00,2026-10-02T15:41:48+00:00,97,0,0,178,29,0,deferred=0 verified=6 transitions=0
